Workbook

Sheet Sheet1
A1: Date | B1: Songs | C1: Artist | D1: Durarion (seconds) | E1: Duration(minutes) | F1: Popularity Score | G1: Chart Rank
A2: 45296 | B2: Pink Venom | C2: BLACKPINK | D2: 187 | E2: =ROUND(D2/60,2) -> 3.12 | F2: 98 | G2: 1
A3: 45303 | B3: Shut Down | C3: BLACKPINK | D3: 154 | E3: =ROUND(D3/60,2) -> 2.57 | F3: 96 | G3: 2
A4: 45317 | B4: How You Like That | C4: BLACKPINK | D4: 182 | E4: =ROUND(D4/60,2) -> 3.03 | F4: 95 | G4: 3
A5: 45331 | B5: Kill This Love | C5: BLACKPINK | D5: 194 | E5: =ROUND(D5/60,2) -> 3.23 | F5: 93 | G5: 4
A6: 45345 | B6: Lovesick Girls | C6: BLACKPINK | D6: 200 | E6: =ROUND(D6/60,2) -> 3.33 | F6: 91 | G6: 5
A7: 45359 | B7: DDU-DU-DDU-DU | C7: BLACKPINK | D7: 209 | E7: =ROUND(D7/60,2) -> 3.48 | F7: 94 | G7: 6
A8: 45373 | B8: Boombayah | C8: BLACKPINK | D8: 240 | E8: =ROUND(D8/60,2) -> 4 | F8: 90 | G8: 7
A9: 45387 | B9: Whistle | C9: BLACKPINK | D9: 212 | E9: =ROUND(D9/60,2) -> 3.53 | F9: 89 | G9: 8
A10: 45401 | B10: Playing With Fire | C10: BLACKPINK | D10: 209 | E10: =ROUND(D10/60,2) -> 3.48 | F10: 88 | G10: 9
A11: 45415 | B11: As If It's Your Lat | C11: BLACKPINK | D11: 214 | E11: =ROUND(D11/60,2) -> 3.57 | F11: 92 | G11: 10

Sheet Sheet2
A1: Song Name | B1: Exit Date | C1: Re-Entry Date | D1: No. of Re-Entries | E1: Gap(Days)
A2: Pink Venom | B2: 45366 | C2: 45387 | D2: =Sheet2!E2 -> 21 | E2: =C2-B2 -> 21
A3: Shut Down | B3: 45402 | C3: 45430 | D3: 1 | E3: =C3-B3 -> 28
A4: How You Like That | B4: 45422 | C4: 45450 | D4: 1 | E4: =C4-B4 -> 28
A5: Kill This Love | B5: 45468 | C5: 45489 | D5: 1 | E5: =C5-B5 -> 21
A6: Lovesick Girls | B6: 45503 | C6: 45531 | D6: 1 | E6: =C6-B6 -> 28

Sheet Sheet3
A1: Song Name | B1: Previously Popularity | C1: Current Popularity | D1: Popularity Change | E1: Previous Rank | F1: Current Rank | G1: Rank Jump
A2: Pink Venom | B2: 90 | C2: 98 | D2: =C2-B2 -> 8 | E2: 8 | F2: 1 | G2: =E2-F2 -> 7
A3: Shut Down | B3: 89 | C3: 96 | D3: =C3-B3 -> 7 | E3: 7 | F3: 2 | G3: =E3-F3 -> 5
A4: How You Like That | B4: 88 | C4: 95 | D4: =C4-B4 -> 7 | E4: 6 | F4: 3 | G4: =E4-F4 -> 3
A5: Kill This Love | B5: 86 | C5: 93 | D5: =C5-B5 -> 7 | E5: 9 | F5: 4 | G5: =E5-F5 -> 5
A6: Lovesick Girls | B6: 84 | C6: 91 | D6: =C6-B6 -> 7 | E6: 10 | F6: 5 | G6: =E6-F6 -> 5

Sheet Sheet4
A1: Song Name | B1: Initial Popularity | C1: Final Popularity | D1: Initial Rank | E1: Final Rank | F1: Sustanabiity(Days) | G1: Status
A2: Pink Venom | B2: 98 | C2: 95 | D2: 5 | E2: 2 | F2: 30 | G2: High | H2: =(D2-E2)/F2 -> 0.1
A3: Shut Down | B3: 96 | C3: 93 | D3: 7 | E3: 4 | F3: 28 | G3: High | H3: =(D3-E3)/F3 -> 0.10714286
A4: How You Like That | B4: 95 | C4: 91 | D4: 8 | E4: 5 | F4: 25 | G4: Medium | H4: =(D4-E4)/F4 -> 0.12
A5: Kil This Love | B5: 93 | C5: 89 | D5: 10 | E5: 7 | F5: 22 | G5: Medium | H5: =(D5-E5)/F5 -> 0.13636364
A6: Lovesick Girls | B6: 91 | C6: 86 | D6: 12 | E6: 9 | F6: 20 | G6: Low | H6: =(D6-E6)/F6 -> 0.15
A7: DDU-DU-DDU-DU | B7: 94 | C7: 90 | D7: 9 | E7: 8 | F7: 27 | G7: Medium | H7: =(D7-E7)/F7 -> 0.037037037
A8: Boombayah | B8: 90 | C8: 84 | D8: 14 | E8: 11 | F8: 18 | G8: Low | H8: =(D8-E8)/F8 -> 0.16666667
A9: Whistle | B9: 89 | C9: 85 | D9: 11 | E9: 10 | F9: 21 | G9: Medium | H9: =(D9-E9)/F9 -> 0.047619048
A10: Playing With Fire | B10: 88 | C10: 83 | D10: 15 | E10: 12 | F10: 17 | G10: Low | H10: =(D10-E10)/F10 -> 0.17647059
A11: As If It's Your Last | B11: 92 | C11: 88 | D11: 13 | E11: 11 | F11: 24 | G11: Medium | H11: =(D11-E11)/F11 -> 0.083333333
A12: Forever Young | B12: 90 | C12: 87 | D12: 16 | E12: 14 | F12: 23 | G12: Medium | H12: =(D12-E12)/F12 -> 0.086956522
A13: Stay | B13: 87 | C13: 82 | D13: 18 | E13: 15 | F13: 16 | G13: Low | H13: =(D13-E13)/F13 -> 0.1875
... A16: The Happiest Girl | B16: 88 | C16: 84 | D16: 17 | E16: 16 | F16: 19 | G16: Low | H16: =(D16-E16)/F16 -> 0.052631579

Sheet Sheet5
A1: Album Type | B1: No. of Songs | C1: Avg. Population | D1: Avg. chart rank
A2: Single | B2: 4 | C2: 91.5 | D2: 8
A3: Album | B3: 6 | C3: 88.2 | D3: 12

Sheet Sheet6
A1: Album Type | B1: No. of songs | C1: Avg. Popularity | D1: Avg chart rank
A2: Single | B2: 4 | C2: 91.5 | D2: 8
A3: Album | B3: 6 | C3: 88.2 | D3: 12

Sheet Sheet7
A1: Album Size | B1: Avg. Popularity | C1: Resurgence Level
A2: Smaller Album | B2: 91.5 | C2: High
A3: Large Album | B3: 88.2 | C3: Medium

Sheet Sheet8
A1: Duration Range | B1: Avg. Popularity | C1: Spike Magnitude
A2: 3-3.5 min | B2: 94 | C2: High
A3: 3.5-4 min | B3: 90 | C3: Medium

Sheet Sheet9
A1: Content Type | B1: No. of Songs | C1: Avg. Popularity
A2: Clean | B2: 10 | C2: 91.5
A3: Explicit | B3: 0 | C3: 0(Not Available)

Sheet Sheet10
A1: Song Name | B1: Re- entry Frequency | C1: Popularity Spike Sharpeness | D1: Rank Recovery Speed | E1: Fandom Engagement Score | F1: Engagement Level
A2: Pink Venom | B2: 1 | C2: =Sheet3!D2/Sheet2!E2 -> 0.38095238 | D2: =Sheet3!G2/Sheet2!E2 -> 0.33333333 | E2: =B2*C2*D2 -> 0.12698413 | F2: =IF(E2>=0.1,"High",IF(E2>=0.05,"Medium","Low")) -> High
A3: Shut Down | B3: 1 | C3: =Sheet3!D3/Sheet2!E3 -> 0.25 | D3: =Sheet3!G3/Sheet2!E3 -> 0.17857143 | E3: =B3*C3*D3 -> 0.044642857 | F3: =IF(E3>=0.1,"High",IF(E3>=0.05,"Medium","Low")) -> Low
A4: How You Like That | B4: 1 | C4: =Sheet3!D4/Sheet2!E4 -> 0.25 | D4: =Sheet3!G4/Sheet2!E4 -> 0.10714286 | E4: =B4*C4*D4 -> 0.026785714 | F4: =IF(E4>=0.1,"High",IF(E4>=0.05,"Medium","Low")) -> Low
A5: Kill This Love | B5: 1 | C5: =Sheet3!D5/Sheet2!E5 -> 0.33333333 | D5: =Sheet3!G5/Sheet2!E5 -> 0.23809524 | E5: =B5*C5*D5 -> 0.079365079 | F5: =IF(E5>=0.1,"High",IF(E5>=0.05,"Medium","Low")) -> Medium
A6: Lovesick Girls | B6: 1 | C6: =Sheet3!D6/Sheet2!E6 -> 0.25 | D6: =Sheet3!G6/Sheet2!E6 -> 0.17857143 | E6: =B6*C6*D6 -> 0.044642857 | F6: =IF(E6>=0.1,"High",IF(E6>=0.05,"Medium","Low")) -> Low

Sheet Sheet11
A1: KPI Name | B1: KPI Value
A2: Re-Entry Frequency | B2: =AVERAGE(Sheet2!D2:D6) -> 5
A3: Momentum Spike Score | B3: =AVERAGE(Sheet3!D2:D6)+AVERAGE(Sheet3!G2:G6) -> 12.2
A4: Post-Comeback Retention Days | B4: =AVERAGE(Sheet4!F2:F16) -> 23.333333
A5: Rank Recovery Speed | B5: =AVERAGE(Sheet4!H2:H16) -> 0.11012958
A6: Album Comeback Advantage Index | B6: 0.0374
A7: Fandom Intensity Proxy Score | B7: 0.06448
